数据结构,逻辑结构,研究对象,数据结构,数据结构
数据结构,物理结构,研究对象,数据结构,数据结构
数据结构,存储结构,研究对象,数据结构,数据结构
数据结构,线性结构,分类,数据结构,数据结构
数据结构,非线性结构,分类,数据结构,数据结构
数据结构,数组,包括,数据结构,数据结构
数据结构,栈,包括,数据结构,数据结构
数据结构,队列,包括,数据结构,数据结构
数据结构,链表,包括,数据结构,数据结构
数据结构,树,包括,数据结构,数据结构
数据结构,图,包括,数据结构,数据结构
数据结构,堆,包括,数据结构,数据结构
数据结构,散列表,包括,数据结构,数据结构
数据结构,排序,常用算法,数据结构,数据结构
物理结构,存储结构,也称为,数据结构,数据结构
逻辑结构,集合,包括,数据结构,数据结构
逻辑结构,线性结构,包括,数据结构,数据结构
逻辑结构,树形结构,包括,数据结构,数据结构
逻辑结构,图形结构,包括,数据结构,数据结构
存储结构,顺序存储,包括,数据结构,数据结构
存储结构,链式存储,包括,数据结构,数据结构
存储结构,索引存储,包括,数据结构,数据结构
存储结构,哈希存储,包括,数据结构,数据结构
线性表,线性结构,属于,数据结构,数据结构
栈,线性结构,属于,数据结构,数据结构
队列,线性结构,属于,数据结构,数据结构
串,线性结构,属于,数据结构,数据结构
数组,非线性结构,属于,数据结构,数据结构
广义表,非线性结构,属于,数据结构,数据结构
树形结构,非线性结构,属于,数据结构,数据结构
图形结构,非线性结构,属于,数据结构,数据结构
树,非线性结构,属于,数据结构,数据结构
图,非线性结构,属于,数据结构,数据结构
数组,数值数组,分类,数据结构,数据结构
数组,字符数组,分类,数据结构,数据结构
数组,指针数组,分类,数据结构,数据结构
数组,结构数组,分类,数据结构,数据结构
算法,有穷性,特性,数据结构,数据结构
算法,确定性,特性,数据结构,数据结构
算法,可行性,特性,数据结构,数据结构
算法,输入,特性,数据结构,数据结构
算法,输出,特性,数据结构,数据结构
算法效率,时间复杂度,度量,数据结构,数据结构
算法效率,空间复杂度,度量,数据结构,数据结构
线性表,栈,受限,数据结构,数据结构
线性表,队列,受限,数据结构,数据结构
线性表,串,受限,数据结构,数据结构
线性表,数组,推广,数据结构,数据结构
线性表,广义表,推广,数据结构,数据结构
树形结构,树,包括,数据结构,数据结构
树形结构,二叉树,包括,数据结构,数据结构
图形结构,有向图,包括,数据结构,数据结构
图形结构,无向图,包括,数据结构,数据结构
操作系统,操作系统引论,包括,操作系统,操作系统
操作系统,进程的控制和描述,包括,操作系统,操作系统
操作系统,处理机调度和死锁,包括,操作系统,操作系统
操作系统,存储器管理,包括,操作系统,操作系统
操作系统,虚拟存储器,包括,操作系统,操作系统
操作系统,输入输出系统,包括,操作系统,操作系统
操作系统引论,OS目标和作用,包括,操作系统,操作系统
操作系统引论,OS的发展过程,包括,操作系统,操作系统
操作系统引论,OS的基本特性,包括,操作系统,操作系统
操作系统引论,OS主要功能,包括,操作系统,操作系统
OS目标和作用,方便性,目标,操作系统,操作系统
OS目标和作用,有效性,目标,操作系统,操作系统
OS目标和作用,可扩充性,目标,操作系统,操作系统
OS目标和作用,开放性,目标,操作系统,操作系统
OS目标和作用,作为接口,作用,操作系统,操作系统
OS目标和作用,作为管理者,作用,操作系统,操作系统
OS目标和作用,对资源的抽象,作用,操作系统,操作系统
OS的发展过程,未配置操作系统,包括,操作系统,操作系统
OS的发展过程,单道批处理系统,包括,操作系统,操作系统
OS的发展过程,多道批处理系统,包括,操作系统,操作系统
OS的发展过程,分时系统,包括,操作系统,操作系统
OS的发展过程,实时系统,包括,操作系统,操作系统
OS的基本特性,并发,基本特性,操作系统,操作系统
OS的基本特性,共享,基本特性,操作系统,操作系统
OS的基本特性,虚拟,基本特性,操作系统,操作系统
OS的基本特性,异步,基本特性,操作系统,操作系统
OS主要功能,处理机管理,包括,操作系统,操作系统
OS主要功能,存储器管理,包括,操作系统,操作系统
处理机管理,进程控制,包括,操作系统,操作系统
处理机管理,进程同步,包括,操作系统,操作系统
处理机管理,进程通信,包括,操作系统,操作系统
处理机管理,调度,包括,操作系统,操作系统
调度,作业调度,包括,操作系统,操作系统
调度,进程调度,包括,操作系统,操作系统
存储器管理,内存分配,包括,操作系统,操作系统
存储器管理,内存保护,包括,操作系统,操作系统
存储器管理,地址映射,包括,操作系统,操作系统
存储器管理,内存扩充,包括,操作系统,操作系统
进程的控制和描述,进程,包括,操作系统,操作系统
进程的控制和描述,进程同步,包括,操作系统,操作系统
进程的控制和描述,经典进程同步问题,包括,操作系统,操作系统
进程的控制和描述,进程通信,包括,操作系统,操作系统
进程的控制和描述,线程,包括,操作系统,操作系统
进程,动态性,特征,操作系统,操作系统
进程,并发性,特征,操作系统,操作系统
进程,独立性,特征,操作系统,操作系统
进程,异步性,特征,操作系统,操作系统
进程,就绪状态,状态,操作系统,操作系统
进程,执行状态,状态,操作系统,操作系统
进程,阻塞状态,状态,操作系统,操作系统
进程同步,临界资源,包括,操作系统,操作系统
进程同步,临界区,包括,操作系统,操作系统
进程同步,信号量,包括,操作系统,操作系统
信号量,P操作,包括,操作系统,操作系统
信号量,V操作,包括,操作系统,操作系统
经典进程同步问题,生产者-消费者问题,包括,操作系统,操作系统
经典进程同步问题,哲学家进餐问题,包括,操作系统,操作系统
经典进程同步问题,读者-写者问题,包括,操作系统,操作系统
进程通信,共享存储系统,包括,操作系统,操作系统
进程通信,管道通信系统,包括,操作系统,操作系统
进程通信,消息传递系统,包括,操作系统,操作系统
进程通信,客户机-服务系统,包括,操作系统,操作系统
C语言,常量与变量,包括,C语言,C语言
C语言,数据类型,包括,C语言,C语言
C语言,数据存储,包括,C语言,C语言
C语言,分支结构,包括,C语言,C语言
C语言,循环结构,包括,C语言,C语言
C语言,操作符,包括,C语言,C语言
C语言,函数,包括,C语言,C语言
C语言,数组,包括,C语言,C语言
C语言,指针,包括,C语言,C语言
C语言,动态内存管理,包括,C语言,C语言
C语言,文件,包括,C语言,C语言
C语言,代码编译,包括,C语言,C语言
常量与变量,变量,包括,C语言,C语言
常量与变量,常量,包括,C语言,C语言
常量与变量,常见关键字,包括,C语言,C语言
常量与变量,注释,包括,C语言,C语言
变量,局部变量,包括,C语言,C语言
变量,全局变量,包括,C语言,C语言
变量,作用域,包括,C语言,C语言
变量,生命周期,包括,C语言,C语言
变量,字面常量,包括,C语言,C语言
变量,const修饰的创变量,包括,C语言,C语言
变量,枚举常量,包括,C语言,C语言
变量,字符串常量,包括,C语言,C语言
常见关键字,autobreakcasechar.........(32个),包括,C语言,C语言
常见关键字,typed,包括,C语言,C语言
常见关键字,static,包括,C语言,C语言
typed,类型重命名,包括,C语言,C语言
static,修饰变量,包括,C语言,C语言
static,修饰函数,包括,C语言,C语言
注释,C语言风格(/*xxx*/),包括,C语言,C语言
注释,C++风格(//xxx),包括,C语言,C语言
数据类型,数据类型的本质,包括,C语言,C语言
数据类型,数据类型的作用,包括,C语言,C语言
数据类型的本质,固定内存大小的别名,概念,C语言,C语言
数据类型的作用,编译预算对象(变量)分配的内存空间的大小,概念,C语言,C语言
数据类型,基本类型,包括,C语言,C语言
数据类型,构造类型,包括,C语言,C语言
数据类型,空类型(void),包括,C语言,C语言
数据类型,指针类型,包括,C语言,C语言
基本类型,数值类型,包括,C语言,C语言
基本类型,字符类型char,包括,C语言,C语言
数值类型,整型,包括,C语言,C语言
数值类型,浮点型,包括,C语言,C语言
整型,short,包括,C语言,C语言
整型,int,包括,C语言,C语言
整型,long,包括,C语言,C语言
整型,longlong,包括,C语言,C语言
浮点型,单精度float,包括,C语言,C语言
浮点型,双精度double,包括,C语言,C语言
构造类型,数组,包括,C语言,C语言
构造类型,共用体(联合)union,包括,C语言,C语言
构造类型,枚举类型enum,包括,C语言,C语言
构造类型,结构体struct,包括,C语言,C语言
数据存储,整型存储,包括,C语言,C语言
数据存储,浮点型存储,包括,C语言,C语言
数据存储,大小端,包括,C语言,C语言
整形存储,原码,包括,C语言,C语言
整形存储,补码,包括,C语言,C语言
整形存储,反码,包括,C语言,C语言
体系结构,概述,包括,计算机网络,计算机网络
体系结构,计算机网络组成,包括,计算机网络,计算机网络
计算机网络组成,物理上(组成),包括,计算机网络,计算机网络
物理上(组成),硬件协议,包括,计算机网络,计算机网络
物理上(组成),软件协议,包括,计算机网络,计算机网络
计算机网络组成,功能上(组成),包括,计算机网络,计算机网络
功能上(组成),通信子网,包括,计算机网络,计算机网络
功能上(组成),资源子网,包括,计算机网络,计算机网络
概述,计算机网络分类,包括,计算机网络,计算机网络
计算机网络分类,据发布范围,包括,计算机网络,计算机网络
据发布范围,局域网,包括,计算机网络,计算机网络
据发布范围,城域网,包括,计算机网络,计算机网络
据发布范围,广域网,包括,计算机网络,计算机网络
据发布范围,个人域网,包括,计算机网络,计算机网络
据发布范围,无线局域网,包括,计算机网络,计算机网络
计算机网络分类,据拓扑结构,包括,计算机网络,计算机网络
据拓扑结构,星型网络,包括,计算机网络,计算机网络
据拓扑结构,总线型网络,包括,计算机网络,计算机网络
据拓扑结构,环形网络,包括,计算机网络,计算机网络
据拓扑结构,网状型网络,包括,计算机网络,计算机网络
计算机网络分类,据传输技术,包括,计算机网络,计算机网络
据传输技术,广播域网络,包括,计算机网络,计算机网络
据传输技术,点对点网络,包括,计算机网络,计算机网络
计算机网络分类,据功能,包括,计算机网络,计算机网络
据功能,通信子网,包括,计算机网络,计算机网络
据功能,资源子网,包括,计算机网络,计算机网络
概述,服务访问点,包括,计算机网络,计算机网络
服务访问点,网卡接口(物理层),包括,计算机网络,计算机网络
服务访问点,MAC地址(数据链路层),包括,计算机网络,计算机网络
服务访问点,IP地址(网络层),包括,计算机网络,计算机网络
服务访问点,端口号(传输层),包括,计算机网络,计算机网络
服务访问点,用户界面,包括,计算机网络,计算机网络
体系结构,分层结构,包括,计算机网络,计算机网络
分层结构,物理层(分层),包括,计算机网络,计算机网络
物理层(分层),任务(物理层),知识点,计算机网络,计算机网络
物理层(分层),功能(物理层),知识点,计算机网络,计算机网络
分层结构,数据链路层(分层),包括,计算机网络,计算机网络
数据链路层(分层),任务(数据链路层),知识点,计算机网络,计算机网络
数据链路层(分层),功能(数据链路层),知识点,计算机网络,计算机网络
数据链路层(分层),协议(数据链路层),知识点,计算机网络,计算机网络
分层结构,网络层(分层),包括,计算机网络,计算机网络
网络层(分层),任务(网络层),知识点,计算机网络,计算机网络
网络层(分层),功能(网络层),知识点,计算机网络,计算机网络
网络层(分层),协议(网络层),知识点,计算机网络,计算机网络
分层结构,传输层(分层),包括,计算机网络,计算机网络
传输层(分层),任务(传输层),知识点,计算机网络,计算机网络
传输层(分层),功能(传输层),知识点,计算机网络,计算机网络
传输层(分层),协议(传输层),知识点,计算机网络,计算机网络
分层结构,会话层(分层),包括,计算机网络,计算机网络
会话层(分层),功能(会话层),知识点,计算机网络,计算机网络
分层结构,表示层(分层),包括,计算机网络,计算机网络
表示层(分层),功能(表示层),知识点,计算机网络,计算机网络
分层结构,应用层(分层),包括,计算机网络,计算机网络
应用层(分层),任务(应用层),知识点,计算机网络,计算机网络
应用层(分层),功能(应用层),知识点,计算机网络,计算机网络
应用层(分层),协议(应用层),知识点,计算机网络,计算机网络
体系结构,服务,包括,计算机网络,计算机网络
服务,面向连接,包括,计算机网络,计算机网络
服务,面向无连接,包括,计算机网络,计算机网络
体系结构,协议,包括,计算机网络,计算机网络
Java,初始Java,包括,Java,Java
Java,Java语言基础,包括,Java,Java
Java,字符串,包括,Java,Java
Java,类和对象,包括,Java,Java
Java,接口，继承和多态,包括,Java,Java
Java,类的高级特性,包括,Java,Java
Java,异常处理,包括,Java,Java
Java,I/O流,包括,Java,Java
Java,多线程,包括,Java,Java
Java,网络通信,包括,Java,Java
初始Java,Java简介,包括,Java,Java
初始Java,Java语言特性,包括,Java,Java
初始Java,搭建Java环境,包括,Java,Java
初始Java,Eclipse,开发工具,Java,Java
Java简介,什么是Java语言,包括,Java,Java
Java简介,Java的应用领域,包括,Java,Java
Java简介,Java的版本,包括,Java,Java
Java简介,API文档,包括,Java,Java
Java语言特性,简单性,特性,Java,Java
Java语言特性,面向对象,特性,Java,Java
Java语言特性,分布性,特性,Java,Java
Java语言特性,解释性,特性,Java,Java
Java语言特性,安全性,特性,Java,Java
Java语言特性,健壮性,特性,Java,Java
Java语言特性,多线程,特性,Java,Java
Java语言特性,高性能,特性,Java,Java
Java语言特性,动态性,特性,Java,Java
搭建Java环境,JDK下载,包括,Java,Java
搭建Java环境,JDK环境,包括,Java,Java
Java语言基础,基本数据类型,包括,Java,Java
Java语言基础,变量与常量,包括,Java,Java
Java语言基础,运算符,包括,Java,Java
Java语言基础,注释和规范,包括,Java,Java
Java语言基础,流程控制,包括,Java,Java
Java语言基础,数组,包括,Java,Java
基本数据类型,整数类型,包括,Java,Java
基本数据类型,浮点类型,包括,Java,Java
基本数据类型,字符类型,包括,Java,Java
基本数据类型,布尔类型,包括,Java,Java
变量与常量,标识符和关键字,包括,Java,Java
变量与常量,声明变量,包括,Java,Java
变量与常量,变量的有效范围,包括,Java,Java
运算符,复制运算符,包括,Java,Java
运算符,算数运算符,包括,Java,Java
运算符,自增和自减,包括,Java,Java
运算符,比较运算符,包括,Java,Java
运算符,逻辑运算符,包括,Java,Java
运算符,三元运算符,包括,Java,Java
运算符,运算符优先级,包括,Java,Java
注释和规范,代码注释,包括,Java,Java
注释和规范,编码规范,包括,Java,Java
流程控制,复合语句,包括,Java,Java
流程控制,条件语句,包括,Java,Java
流程控制,循环语句,包括,Java,Java
流程控制,循环控制,包括,Java,Java
条件语句,if条件语句,包括,Java,Java
条件语句,switch多分支语句,包括,Java,Java
循环语句,while循环,包括,Java,Java
循环语句,do…while循环,包括,Java,Java
循环语句,for循环,包括,Java,Java
循环控制,break语句,包括,Java,Java
循环控制,continue语句,包括,Java,Java
计算机组成原理,计算机系统概述,包括,计算机组成原理,计算机组成原理
计算机组成原理,系统总线,包括,计算机组成原理,计算机组成原理
计算机组成原理,存储器,包括,计算机组成原理,计算机组成原理
计算机组成原理,输入输出系统,包括,计算机组成原理,计算机组成原理
计算机组成原理,控制单元,包括,计算机组成原理,计算机组成原理
计算机组成原理,CPU的结构与功能,包括,计算机组成原理,计算机组成原理
计算机组成原理,指令系统,包括,计算机组成原理,计算机组成原理
计算机系统概述,层次结构,包括,计算机组成原理,计算机组成原理
计算机系统概述,体系结构,包括,计算机组成原理,计算机组成原理
计算机系统概述,软件,组成,计算机组成原理,计算机组成原理
计算机系统概述,硬件,组成,计算机组成原理,计算机组成原理
层次结构,高级语言机器,包括,计算机组成原理,计算机组成原理
层次结构,汇编语言机器,包括,计算机组成原理,计算机组成原理
层次结构,操作系统机器,包括,计算机组成原理,计算机组成原理
层次结构,机器语言机器,包括,计算机组成原理,计算机组成原理
层次结构,微指令系统,包括,计算机组成原理,计算机组成原理
体系结构,指令集,包括,计算机组成原理,计算机组成原理
体系结构,数据类型,包括,计算机组成原理,计算机组成原理
体系结构,存储器寻址技术,包括,计算机组成原理,计算机组成原理
体系结构,I/O原理,包括,计算机组成原理,计算机组成原理
软件,系统软件,包括,计算机组成原理,计算机组成原理
软件,应用软件,包括,计算机组成原理,计算机组成原理
系统软件,标准程序库,包括,计算机组成原理,计算机组成原理
系统软件,语言处理程序,包括,计算机组成原理,计算机组成原理
系统软件,操作系统,包括,计算机组成原理,计算机组成原理
系统软件,服务程序,包括,计算机组成原理,计算机组成原理
系统软件,数据库管理系统,包括,计算机组成原理,计算机组成原理
系统软件,网络软件,包括,计算机组成原理,计算机组成原理
应用软件,科学计算,包括,计算机组成原理,计算机组成原理
应用软件,数据处理,包括,计算机组成原理,计算机组成原理
应用软件,过程控制,包括,计算机组成原理,计算机组成原理
应用软件,事务管理,包括,计算机组成原理,计算机组成原理
硬件,冯诺依曼模型,包括,计算机组成原理,计算机组成原理
硬件,技术指标,包括,计算机组成原理,计算机组成原理
冯诺依曼模型,运算器,组成部件,计算机组成原理,计算机组成原理
冯诺依曼模型,控制器,组成部件,计算机组成原理,计算机组成原理
冯诺依曼模型,存储器,组成部件,计算机组成原理,计算机组成原理
冯诺依曼模型,输入设备,组成部件,计算机组成原理,计算机组成原理
冯诺依曼模型,输出设备,组成部件,计算机组成原理,计算机组成原理
Python,基本语法元素,包括,Python,Python
Python,基本数据类型,包括,Python,Python
Python,程序控制结构,包括,Python,Python
Python,函数和代码复用,包括,Python,Python
Python,组合数据类型,包括,Python,Python
Python,文件和数据格式化,包括,Python,Python
Python,基本图形绘制,包括,Python,Python
Python,程序设计方法学,包括,Python,Python
Python,计算生态概览,包括,Python,Python
基本语法元素,编译和解释,包括,Python,Python
基本语法元素,语法元素分析,包括,Python,Python
语法元素分析,33个保留字,包括,Python,Python
语法元素分析,字符串的序号,包括,Python,Python
语法元素分析,语句与函数,包括,Python,Python
基本图形绘制,turtle库,相关库,Python,Python
基本图形绘制,turtle程序语法,包括,Python,Python
基本图形绘制,turtle库的使用,包括,Python,Python
turtle库,画布设置,包括,Python,Python
turtle库,画笔设置,包括,Python,Python
turtle库,运动控制,包括,Python,Python
turtle库,方向控制,包括,Python,Python
turtle库,其他功能,包括,Python,Python
turtle程序语法,循环语句,包括,Python,Python
turtle库的使用,python计算生态,包括,Python,Python
turtle库的使用,turtle的绘图窗体,包括,Python,Python
turtle库的使用,turtle的空间坐标体系,包括,Python,Python
turtle库的使用,turtle的角度坐标体系,包括,Python,Python
turtle库的使用,RGB色彩体系,包括,Python,Python
基本数据类型,数字类型,包括,Python,Python
基本数据类型,字符串类型,包括,Python,Python
基本数据类型,time库,相关库,Python,Python
基本数据类型,文本进度条,包括,Python,Python
数字类型,整数类型,包括,Python,Python
数字类型,浮点类型,包括,Python,Python
数字类型,复数类型,包括,Python,Python
数字类型,数值运算操作符,包括,Python,Python
字符串类型,字符串类型的表示,包括,Python,Python
字符串类型,字符串操作符,包括,Python,Python
字符串类型,字符串处理函数,包括,Python,Python
字符串类型,字符串处理方法,包括,Python,Python
字符串类型,字符串类型的格式化,包括,Python,Python
线性表,顺序表,顺序存储,数据结构,数据结构
线性表,单链表,链式存储,数据结构,数据结构
线性表,双链表,链式存储,数据结构,数据结构
线性表,循环链表,链式存储,数据结构,数据结构
线性表,静态链表,链式存储,数据结构,数据结构
线性表,线性表的定义,包括,数据结构,数据结构
线性表,线性表的基本操作,包括,数据结构,数据结构
线性表的基本操作,初始化线性表,包括,数据结构,数据结构
线性表的基本操作,求线性表长,包括,数据结构,数据结构
线性表的基本操作,线性表按值查找,包括,数据结构,数据结构
线性表的基本操作,线性表按位查找,包括,数据结构,数据结构
顺序表,顺序表的定义,包括,数据结构,数据结构
顺序表,顺序表的基本操作,包括,数据结构,数据结构
顺序表的基本操作,顺序表的插入,包括,数据结构,数据结构
顺序表的基本操作,顺序表的删除,包括,数据结构,数据结构
单链表,单链表的定义,包括,数据结构,数据结构
单链表,单链表的基本操作,包括,数据结构,数据结构
单链表的基本操作,头插法建立单链表,包括,数据结构,数据结构
单链表的基本操作,尾插法建立单链表,包括,数据结构,数据结构
单链表的基本操作,单链表按序号查找结点值,包括,数据结构,数据结构
单链表的基本操作,单链表按值查找表结点,包括,数据结构,数据结构
双链表,双链表的基本操作,包括,数据结构,数据结构
双链表的基本操作,双链表的插入,包括,数据结构,数据结构
双链表的基本操作,双链表的删除,包括,数据结构,数据结构
循环链表,循环单链表,包括,数据结构,数据结构
循环链表,循环双链表,包括,数据结构,数据结构
栈,顺序栈,顺序存储,数据结构,数据结构
栈,链栈,链式存储,数据结构,数据结构
栈,共享栈,包括,数据结构,数据结构
栈,栈的定义,包括,数据结构,数据结构
栈,栈的基本操作,包括,数据结构,数据结构
队列,循环队列,顺序存储,数据结构,数据结构
队列,链式队列,链式存储,数据结构,数据结构
队列,双端队列,包括,数据结构,数据结构
队列,队列的基本概念,包括,数据结构,数据结构
队列,队,简称,数据结构,数据结构
队列的基本概念,队头,包括,数据结构,数据结构
队列的基本概念,队尾,包括,数据结构,数据结构
数组,一维数组,包括,数据结构,数据结构
数组,多维数组,包括,数据结构,数据结构
多维数组,压缩存储,包括,数据结构,数据结构
多维数组,稀疏矩阵,包括,数据结构,数据结构
顺序栈,顺序栈的实现,包括,数据结构,数据结构
顺序栈,顺序栈的基本运算,包括,数据结构,数据结构
链式队列,链式队列的基本操作,包括,数据结构,数据结构
链式队列的基本操作,链式队列初始化,包括,数据结构,数据结构
链式队列的基本操作,链式队列判空,包括,数据结构,数据结构
串,串的基本概念,包括,数据结构,数据结构
串,串的存储结构,包括,数据结构,数据结构
串,模式匹配算法,包括,数据结构,数据结构
串的基本概念,主串,包括,数据结构,数据结构
串的基本概念,子串,包括,数据结构,数据结构
串的基本概念,串长,包括,数据结构,数据结构
串的存储结构,定长顺序存储,包括,数据结构,数据结构
串的存储结构,堆分配存储,包括,数据结构,数据结构
串的存储结构,块链存储,包括,数据结构,数据结构
模式匹配算法,暴力匹配算法,包括,数据结构,数据结构
模式匹配算法,KMP算法,包括,数据结构,数据结构
树,树的基本概念,包括,数据结构,数据结构
树,树的定义,包括,数据结构,数据结构
树,树的基本术语,包括,数据结构,数据结构
树的基本术语,结点的度,包括,数据结构,数据结构
树的基本术语,结点的深度,包括,数据结构,数据结构
树的基本术语,结点的高度,包括,数据结构,数据结构
树的基本术语,树的度,包括,数据结构,数据结构
树的基本术语,树的高度,包括,数据结构,数据结构
树的基本术语,有序树,包括,数据结构,数据结构
树的基本术语,无序树,包括,数据结构,数据结构
二叉树,满二叉树,包括,数据结构,数据结构
二叉树,完全二叉树,包括,数据结构,数据结构
二叉树,二叉排序树,包括,数据结构,数据结构
二叉树,二叉树的顺序存储结构,包括,数据结构,数据结构
二叉树,二叉树的链式存储结构,包括,数据结构,数据结构
二叉树,二叉树的遍历,包括,数据结构,数据结构
二叉树,线索二叉树,包括,数据结构,数据结构
二叉树的遍历,先序遍历,包括,数据结构,数据结构
二叉树的遍历,中序遍历,包括,数据结构,数据结构
二叉树的遍历,后序遍历,包括,数据结构,数据结构
二叉树的遍历,层次遍历,包括,数据结构,数据结构
线索二叉树,先序线索二叉树,包括,数据结构,数据结构
线索二叉树,中序线索二叉树,包括,数据结构,数据结构
线索二叉树,后序线索二叉树,包括,数据结构,数据结构
树,双亲表示法,存储结构,数据结构,数据结构
树,孩子表示法,存储结构,数据结构,数据结构
树,孩子兄弟表示法,存储结构,数据结构,数据结构
树,并查集,应用,数据结构,数据结构
树,哈夫曼树,应用,数据结构,数据结构
二叉排序树,二叉排序树的定义,包括,数据结构,数据结构
二叉排序树,二叉排序树的查找,包括,数据结构,数据结构
二叉排序树,二叉排序树的插入,包括,数据结构,数据结构
二叉排序树,二叉排序树的构造,包括,数据结构,数据结构
二叉排序树,二叉排序树的删除,包括,数据结构,数据结构
平衡二叉树,平衡二叉树的定义,包括,数据结构,数据结构
平衡二叉树,平衡二叉树的插入,包括,数据结构,数据结构
平衡二叉树,平衡二叉树的查找,包括,数据结构,数据结构
平衡二叉树的插入,LL平衡旋转,包括,数据结构,数据结构
平衡二叉树的插入,RR平衡旋转,包括,数据结构,数据结构
平衡二叉树的插入,LR平衡旋转,包括,数据结构,数据结构
平衡二叉树的插入,RL平衡旋转,包括,数据结构,数据结构
哈夫曼树,哈夫曼树的定义,包括,数据结构,数据结构
哈夫曼树,哈夫曼树的构造,包括,数据结构,数据结构
哈夫曼树,哈夫曼编码,包括,数据结构,数据结构
图,图的定义,包括,数据结构,数据结构
图,图的存储,包括,数据结构,数据结构
图,图的遍历,包括,数据结构,数据结构
图,图的应用,包括,数据结构,数据结构
图,图的基本操作,包括,数据结构,数据结构
图的存储,邻接矩阵法,包括,数据结构,数据结构
图的存储,邻接表法,包括,数据结构,数据结构
图的存储,邻接多重表,包括,数据结构,数据结构
图的存储,十字链表,包括,数据结构,数据结构
图的遍历,深度优先遍历,包括,数据结构,数据结构
图的遍历,广度优先遍历,包括,数据结构,数据结构
图的应用,最小生成树,包括,数据结构,数据结构
图的应用,最短路径,包括,数据结构,数据结构
图的应用,拓扑排序,包括,数据结构,数据结构
图的应用,关键路径,包括,数据结构,数据结构
最小生成树,Prim算法,包括,数据结构,数据结构
最小生成树,Kruskal算法,包括,数据结构,数据结构
最短路径,Dijkstra算法,包括,数据结构,数据结构
最短路径,Floyd算法,包括,数据结构,数据结构
拓扑排序,AOV网,包括,数据结构,数据结构
关键路径,AOE网,包括,数据结构,数据结构
图的定义,有向图,包括,数据结构,数据结构
图的定义,无向图,包括,数据结构,数据结构
图的定义,简单图,包括,数据结构,数据结构
图的定义,多重图,包括,数据结构,数据结构
图的定义,完全图,包括,数据结构,数据结构
图的定义,子图,包括,数据结构,数据结构
图的定义,连通,包括,数据结构,数据结构
图的定义,连通图,包括,数据结构,数据结构
图的定义,连通分量,包括,数据结构,数据结构
图的定义,强连通图,包括,数据结构,数据结构
图的定义,强连通分量,包括,数据结构,数据结构
图的定义,生成树,包括,数据结构,数据结构
图的定义,生成深林,包括,数据结构,数据结构
图的定义,顶点的度,包括,数据结构,数据结构
图的定义,入度,包括,数据结构,数据结构
图的定义,出度,包括,数据结构,数据结构
图的定义,权,包括,数据结构,数据结构
图的定义,网,包括,数据结构,数据结构
图的定义,稠密图,包括,数据结构,数据结构
图的定义,稀疏图,包括,数据结构,数据结构
图的定义,路径,包括,数据结构,数据结构
图的定义,路径长度,包括,数据结构,数据结构
图的定义,回路,包括,数据结构,数据结构
图的定义,简单路径,包括,数据结构,数据结构
图的定义,简单回路,包括,数据结构,数据结构
图的定义,距离,包括,数据结构,数据结构
图的定义,有向树,包括,数据结构,数据结构
查找,查找的基本概念,包括,数据结构,数据结构
查找,顺序查找,包括,数据结构,数据结构
查找,折半查找,包括,数据结构,数据结构
查找,分块查找,包括,数据结构,数据结构
查找,二叉排序树,包括,数据结构,数据结构
查找,平衡二叉树,包括,数据结构,数据结构
查找,B树,包括,数据结构,数据结构
查找,B+树,包括,数据结构,数据结构
查找,散列表,包括,数据结构,数据结构
查找的基本概念,查找表,包括,数据结构,数据结构
查找的基本概念,静态查找表,包括,数据结构,数据结构
查找的基本概念,关键字,包括,数据结构,数据结构
查找的基本概念,平均查找长度,包括,数据结构,数据结构
顺序查找,线性结构,属于,数据结构,数据结构
折半查找,线性结构,属于,数据结构,数据结构
分块查找,线性结构,属于,数据结构,数据结构
二叉排序树,树形结构,属于,数据结构,数据结构
二叉平衡树,树形结构,属于,数据结构,数据结构
B树,树形结构,属于,数据结构,数据结构
B+树,树形结构,属于,数据结构,数据结构
散列表,散列结构,属于,数据结构,数据结构
散列表,散列函数,包括,数据结构,数据结构
散列表,处理冲突的方法,包括,数据结构,数据结构
散列函数,散列函数的构造方法,包括,数据结构,数据结构
散列函数的构造方法,直接定址法,包括,数据结构,数据结构
散列函数的构造方法,除留余数法,包括,数据结构,数据结构
散列函数的构造方法,数字分析法,包括,数据结构,数据结构
散列函数的构造方法,平方取中法,包括,数据结构,数据结构
处理冲突的方法,开放地址法,包括,数据结构,数据结构
处理冲突的方法,拉链法,包括,数据结构,数据结构
开放地址法,线性探测法,包括,数据结构,数据结构
开放地址法,平方探测法,包括,数据结构,数据结构
开放地址法,再散列法,包括,数据结构,数据结构
开放地址法,伪随机序列法,包括,数据结构,数据结构
排序,直接插入排序,包括,数据结构,数据结构
排序,折半插入排序,包括,数据结构,数据结构
排序,希尔排序,包括,数据结构,数据结构
排序,冒泡排序,包括,数据结构,数据结构
排序,快速排序,包括,数据结构,数据结构
排序,简单选择排序,包括,数据结构,数据结构
排序,堆排序,包括,数据结构,数据结构
排序,归并排序,包括,数据结构,数据结构
排序,基数排序,包括,数据结构,数据结构
排序,多路归并排序,包括,数据结构,数据结构
直接插入排序,插入排序,属于,数据结构,数据结构
折半插入排序,插入排序,属于,数据结构,数据结构
希尔排序,插入排序,属于,数据结构,数据结构
冒泡排序,交换排序,属于,数据结构,数据结构
快速排序,交换排序,属于,数据结构,数据结构
简单选择排序,选择排序,属于,数据结构,数据结构
堆排序,选择排序,属于,数据结构,数据结构
插入排序,内部排序,属于,数据结构,数据结构
交换排序,内部排序,属于,数据结构,数据结构
选择排序,内部排序,属于,数据结构,数据结构
归并排序,内部排序,属于,数据结构,数据结构
基数排序,内部排序,属于,数据结构,数据结构
多路归并排序,外部排序,属于,数据结构,数据结构
处理机调度和死锁,处理机调度层次,包括,操作系统,操作系统
处理机调度和死锁,作业调度,包括,操作系统,操作系统
处理机调度和死锁,进程调度,包括,操作系统,操作系统
处理机调度和死锁,实时调度,包括,操作系统,操作系统
处理机调度和死锁,死锁,包括,操作系统,操作系统
处理机调度层次,高级调度,包括,操作系统,操作系统
处理机调度层次,中级调度,包括,操作系统,操作系统
处理机调度层次,低级调度,包括,操作系统,操作系统
作业调度,先来先服务,算法,操作系统,操作系统
作业调度,短作业优先,算法,操作系统,操作系统
作业调度,优先级调度,算法,操作系统,操作系统
作业调度,高响应比优先,算法,操作系统,操作系统
进程调度,时间片轮转调度,算法,操作系统,操作系统
进程调度,多队列调度,算法,操作系统,操作系统
进程调度,多级反馈队列调度,算法,操作系统,操作系统
进程调度,基于公平原则调度,算法,操作系统,操作系统
进程调度,优先级调度,算法,操作系统,操作系统
优先级调度,优先级调度算法,包括,操作系统,操作系统
优先级调度,优先级的类型,包括,操作系统,操作系统
优先级调度算法,非抢占式,算法,操作系统,操作系统
优先级调度算法,抢占式,算法,操作系统,操作系统
优先级的类型,静态优先级,包括,操作系统,操作系统
优先级的类型,动态优先级,包括,操作系统,操作系统
死锁,死锁的原因,包括,操作系统,操作系统
死锁,死锁的必要条件,包括,操作系统,操作系统
死锁,处理死锁的方法,包括,操作系统,操作系统
死锁的必要条件,互斥条件,包括,操作系统,操作系统
死锁的必要条件,请求和保持条件,包括,操作系统,操作系统
死锁的必要条件,不可抢占条件,包括,操作系统,操作系统
死锁的必要条件,循环等待条件,包括,操作系统,操作系统
处理死锁的方法,预防死锁,包括,操作系统,操作系统
处理死锁的方法,避免死锁,包括,操作系统,操作系统
处理死锁的方法,检测死锁,包括,操作系统,操作系统
处理死锁的方法,解除死锁,包括,操作系统,操作系统
存储器管理,存储器,包括,操作系统,操作系统
存储器管理,程序的装入,包括,操作系统,操作系统
存储器管理,程序的链接,包括,操作系统,操作系统
存储器管理,连续分配存储器,包括,操作系统,操作系统
存储器管理,对换,包括,操作系统,操作系统
存储器管理,非连续分配,包括,操作系统,操作系统
存储器,CPU寄存器,包含,操作系统,操作系统
存储器,主存,包含,操作系统,操作系统
存储器,辅存,包含,操作系统,操作系统
CPU寄存器,寄存器,包含,操作系统,操作系统
主存,高速缓存,包含,操作系统,操作系统
主存,主存储器,包含,操作系统,操作系统
主存,磁盘缓存,包含,操作系统,操作系统
辅存,固定磁盘,包含,操作系统,操作系统
辅存,可移动存储介质,包含,操作系统,操作系统
连续分配存储器,单一连续分配,包括,操作系统,操作系统
连续分配存储器,固定分区分配,包括,操作系统,操作系统
连续分配存储器,动态分区分配,包括,操作系统,操作系统
连续分配存储器,动态可重定位分区分配,包括,操作系统,操作系统
动态分区分配,首次适应算法,基于顺序搜索,操作系统,操作系统
动态分区分配,循环首次适应算法,基于顺序搜索,操作系统,操作系统
动态分区分配,最佳适应算法,基于顺序搜索,操作系统,操作系统
动态分区分配,最坏适应算法,基于顺序搜索,操作系统,操作系统
动态分区分配,快速适应算法,基于索引搜索,操作系统,操作系统
动态分区分配,伙伴系统,基于索引搜索,操作系统,操作系统
动态分区分配,哈希算法,基于索引搜索,操作系统,操作系统
对换,整体对换,类型,操作系统,操作系统
对换,页面对换,类型,操作系统,操作系统
非连续分配,分页存储管理,包括,操作系统,操作系统
非连续分配,分段存储管理,包括,操作系统,操作系统
虚拟存储器,虚拟存储器概述,包括,操作系统,操作系统
虚拟存储器,请求分页存储,包括,操作系统,操作系统
虚拟存储器,页面置换算法,包括,操作系统,操作系统
虚拟存储器概述,空间局限性,局部性原理,操作系统,操作系统
虚拟存储器概述,时间局限性,局部性原理,操作系统,操作系统
虚拟存储器概述,多次性,基本特征,操作系统,操作系统
虚拟存储器概述,对换性,基本特征,操作系统,操作系统
虚拟存储器概述,虚拟性,基本特征,操作系统,操作系统
虚拟存储器概述,分页请求系统,实现方法,操作系统,操作系统
虚拟存储器概述,请求分段系统,实现方法,操作系统,操作系统
请求分页存储,缺页中断,管理方式,操作系统,操作系统
请求分页存储,越界中断,管理方式,操作系统,操作系统
请求分页存储,内存分配策略,管理方式,操作系统,操作系统
请求分页存储,页面调入策略,管理方式,操作系统,操作系统
内存分配策略,固定分配局部置换,包括,操作系统,操作系统
内存分配策略,可变分配全局置换,包括,操作系统,操作系统
内存分配策略,可变分配局部置换,包括,操作系统,操作系统
页面调入策略,预调页策略,包括,操作系统,操作系统
页面调入策略,请求调页策略,包括,操作系统,操作系统
页面置换算法,最佳置换算法,算法,操作系统,操作系统
页面置换算法,先进先出页面置换算法,算法,操作系统,操作系统
页面置换算法,最近最久未使用置换算法,算法,操作系统,操作系统
页面置换算法,最少使用置换算法,算法,操作系统,操作系统
页面置换算法,Clock置换算法,算法,操作系统,操作系统
页面置换算法,页面缓冲算法,算法,操作系统,操作系统
输入输出系统,磁盘访问时间,包含,操作系统,操作系统
输入输出系统,磁盘调度算法,包含,操作系统,操作系统
磁盘访问时间,寻道时间,包括,操作系统,操作系统
磁盘访问时间,旋转延迟时间,包括,操作系统,操作系统
磁盘访问时间,传输时间,包括,操作系统,操作系统
磁盘调度算法,先来先服务算法,算法,操作系统,操作系统
磁盘调度算法,最短寻道时间优先,算法,操作系统,操作系统
磁盘调度算法,扫描算法,算法,操作系统,操作系统
磁盘调度算法,循环扫描算法,算法,操作系统,操作系统
大小端,大端模式,包括,C语言,C语言
大小端,小端模式,包括,C语言,C语言
分支结构,if,包括,C语言,C语言
分支结构,switch,包括,C语言,C语言
循环结构,while,包括,C语言,C语言
循环结构,for,包括,C语言,C语言
循环结构,dowhile,包括,C语言,C语言
循环结构,goto,包括,C语言,C语言
操作符,算术操作符,包括,C语言,C语言
操作符,移位操作符,包括,C语言,C语言
操作符,位操作符,包括,C语言,C语言
操作符,赋值操作符,包括,C语言,C语言
操作符,单目操作符,包括,C语言,C语言
操作符,关系操作符,包括,C语言,C语言
操作符,逻辑操作符,包括,C语言,C语言
操作符,条件操作符,包括,C语言,C语言
操作符,逗号表达式,包括,C语言,C语言
操作符,下标引用，函数调用和结构体成员,包括,C语言,C语言
操作符,表达式求值,包括,C语言,C语言
表达式求值,隐式类型转换,包括,C语言,C语言
表达式求值,算术转换,包括,C语言,C语言
表达式求值,复杂表达式求值影响因素,包括,C语言,C语言
复杂表达式求值影响因素,操作符优先级,包括,C语言,C语言
复杂表达式求值影响因素,操作符结合性,包括,C语言,C语言
复杂表达式求值影响因素,是否控制求值顺序,包括,C语言,C语言
函数,库函数,包括,C语言,C语言
函数,自定义函数,包括,C语言,C语言
函数,函数的声明,包括,C语言,C语言
函数,函数的定义,包括,C语言,C语言
函数,函数参数,包括,C语言,C语言
函数,函数调用,包括,C语言,C语言
函数,函数的嵌套调用,包括,C语言,C语言
函数,函数的链式访问,包括,C语言,C语言
函数,回调函数,包括,C语言,C语言
函数,函数递归,包括,C语言,C语言
自定义函数,有函数名返回值类型和函数参数,概念,C语言,C语言
函数声明,告诉编译器函数名、参数、返回类型,知识点,C语言,C语言
函数声明,先声明后使用,知识点,C语言,C语言
函数声明,一般放在头文件中,知识点,C语言,C语言
函数定义,函数的具体实现、交代函数的功能实现,概念,C语言,C语言
函数参数,实际参数,包括,C语言,C语言
函数参数,形式参数,包括,C语言,C语言
函数调用,传值调用,包括,C语言,C语言
函数调用,传地址调用,包括,C语言,C语言
函数的嵌套调用,函数中调用函数,概念,C语言,C语言
函数的链式访问,把一个函数的返回值作为另一个函数的参数,概念,C语言,C语言
回调函数,通过函数指针调用函数,概念,C语言,C语言
函数递归,程序调用自身,概念,C语言,C语言
库函数,IO函数,包括,C语言,C语言
库函数,字符串操作函数,包括,C语言,C语言
库函数,字符操作函数,包括,C语言,C语言
库函数,内存操作函数,包括,C语言,C语言
库函数,时间/日期函数,包括,C语言,C语言
库函数,数学函数,包括,C语言,C语言
库函数,其他库函数,包括,C语言,C语言
内存操作函数,mencpy(),包括,C语言,C语言
内存操作函数,menmove(),包括,C语言,C语言
内存操作函数,menset(),包括,C语言,C语言
时间/日期函数,time(),包括,C语言,C语言
时间/日期函数,clock(),包括,C语言,C语言
数学函数,abs(),包括,C语言,C语言
数学函数,pow(),包括,C语言,C语言
数组,一维数组,包括,C语言,C语言
数组,二维数组,包括,C语言,C语言
数组,指针数组,包括,C语言,C语言
数组,数组作为函数参数,包括,C语言,C语言
一维数组,一维数组的创建与初始化,包括,C语言,C语言
一维数组,一维数组使用,包括,C语言,C语言
一维数组,一维数组存储,包括,C语言,C语言
一维数组存储,在内存中连续存储,概念,C语言,C语言
二维数组,二维数组创建,包括,C语言,C语言
二维数组,二维数组初始化,包括,C语言,C语言
二维数组,二维数组存储,包括,C语言,C语言
数组作为函数参数,数组作为函数参数时退化为指针,概念,C语言,C语言
指针,指针变量,包括,C语言,C语言
指针,指针类型,包括,C语言,C语言
指针,指针运算,包括,C语言,C语言
指针变量,存放地址的变量(指针变量中的值会被当作内存单元地址处理),概念,C语言,C语言
指针类型,自定义类型,包括,C语言,C语言
指针类型,字符指针,包括,C语言,C语言
指针类型,数组指针,包括,C语言,C语言
指针类型,函数指针,包括,C语言,C语言
指针类型,指针类型总结,包括,C语言,C语言
指针运算,指针+-整数,包括,C语言,C语言
指针运算,指针+-指针,包括,C语言,C语言
指针运算,指针的关系运算,包括,C语言,C语言
指针类型总结,指针类型决定了指针向前向后走的距离,知识点,C语言,C语言
指针类型总结,指针类型决定了能操作几个字节,知识点,C语言,C语言
动态内存管理,malloc,包括,C语言,C语言
动态内存管理,calloc,包括,C语言,C语言
动态内存管理,realloc,包括,C语言,C语言
动态内存管理,free,包括,C语言,C语言
malloc,void*malloc(sizetsize),知识点,C语言,C语言
malloc,开辟成功，返回一个指向开辟好空间的指针,知识点,C语言,C语言
malloc,开辟失败，返回一个NULL指针,知识点,C语言,C语言
malloc,返回值类型是void*,知识点,C语言,C语言
malloc,如果size为0，malloc行为取决于编译器,知识点,C语言,C语言
calloc,void*calloc(sizetnum，sizetsize),知识点,C语言,C语言
calloc,功能是num个大小为size的元素开辟一块空间，并且初始化为0,知识点,C语言,C语言
calloc,与malloc的区别为会在返回底之前把申请的空间初始化为0,知识点,C语言,C语言
realloc,void*realloc(sizetnum，sizetsize),知识点,C语言,C语言
realloc,让动态内存管理更加灵活,知识点,C语言,C语言
realloc,ptr是要调整的内存地址,知识点,C语言,C语言
realloc,size调整之后的新大小,知识点,C语言,C语言
realloc,返回值为调整之后的内存起始位置,知识点,C语言,C语言
realloc,realloc在调整原内存大小的基础上，还会将原来内存中的数据移动到新空间,知识点,C语言,C语言
free,voidfree(void*ptr),知识点,C语言,C语言
free,如果ptr指向的空间不是动态开辟，那free函数行为未定义,知识点,C语言,C语言
free,如果ptr是NULL指针，则函数不动作,知识点,C语言,C语言
文件操作,文件分类,包括,C语言,C语言
文件操作,文件打开,包括,C语言,C语言
文件操作,文件关闭,包括,C语言,C语言
文件操作,文件读写,包括,C语言,C语言
文件分类,普通文件,包括,C语言,C语言
文件分类,设备文件,包括,C语言,C语言
文件分类,文本文件,包括,C语言,C语言
文件分类,二进制文件,包括,C语言,C语言
文件打开,fopen,包括,C语言,C语言
文件关闭,fclose,包括,C语言,C语言
文件读写,按照字符读写,包括,C语言,C语言
文件读写,按照行读写,包括,C语言,C语言
文件读写,按照块读写,包括,C语言,C语言
文件读写,按照格式化读写,包括,C语言,C语言
文件读写,随机读写,包括,C语言,C语言
按照字符读写,fputc,包括,C语言,C语言
按照字符读写,fgetc,包括,C语言,C语言
按照行读写,fgets,包括,C语言,C语言
按照行读写,fputs,包括,C语言,C语言
按照块读写,fread,包括,C语言,C语言
按照块读写,fwrite,包括,C语言,C语言
按照格式化读写,fprintf,包括,C语言,C语言
按照格式化读写,fscanf,包括,C语言,C语言
随机读写,fseek,包括,C语言,C语言
fseek,SEEKSET文件开头,包括,C语言,C语言
fseek,SEEKCUR文件当前位置,包括,C语言,C语言
fseek,SEEKEND文件结尾,包括,C语言,C语言
代码编译,预处理,包括,C语言,C语言
代码编译,编译,包括,C语言,C语言
代码编译,汇编,包括,C语言,C语言
代码编译,连接,包括,C语言,C语言
预处理,展开头文件,包括,C语言,C语言
预处理,去注释,包括,C语言,C语言
预处理,宏替换,包括,C语言,C语言
预处理,条件编译,包括,C语言,C语言
编译,将C文件转换为二进制文件,概念,C语言,C语言
汇编,将汇编文件转换为二进制文件,概念,C语言,C语言
连接,将所有.o文件和依赖文件连接在一起，生成可执行文件,概念,C语言,C语言
协议,语法,包括,计算机网络,计算机网络
协议,语义,包括,计算机网络,计算机网络
协议,同步,包括,计算机网络,计算机网络
体系结构,时延,包括,计算机网络,计算机网络
计算机网络,物理层,包括,计算机网络,计算机网络
计算机网络,数据链路层,包括,计算机网络,计算机网络
计算机网络,网络层,包括,计算机网络,计算机网络
计算机网络,运输层,包括,计算机网络,计算机网络
计算机网络,应用层,包括,计算机网络,计算机网络
物理层,通信模式(物理层),知识点,计算机网络,计算机网络
通信模式(物理层),数据传输方式,包括,计算机网络,计算机网络
数据传输方式,串行传输,包括,计算机网络,计算机网络
数据传输方式,并行传输,包括,计算机网络,计算机网络
通信模式(物理层),通信方式,包括,计算机网络,计算机网络
通信方式,同步传输,包括,计算机网络,计算机网络
通信方式,异步传输,包括,计算机网络,计算机网络
通信模式(物理层),通信模式,包括,计算机网络,计算机网络
通信模式,单工,包括,计算机网络,计算机网络
通信模式,半双工,包括,计算机网络,计算机网络
通信模式,全双工,包括,计算机网络,计算机网络
通信模式(物理层),速率,包括,计算机网络,计算机网络
速率,波特率,包括,计算机网络,计算机网络
速率,比特率,包括,计算机网络,计算机网络
物理层,码元传输,知识点,计算机网络,计算机网络
码元传输,奈奎斯特定理,知识点,计算机网络,计算机网络
码元传输,香农定理,知识点,计算机网络,计算机网络
物理层,调制与编码,知识点,计算机网络,计算机网络
调制与编码,调制,知识点,计算机网络,计算机网络
调制与编码,编码,知识点,计算机网络,计算机网络
物理层,数据交换方式(物理层),知识点,计算机网络,计算机网络
数据交换方式(物理层),电路交换,包括,计算机网络,计算机网络
电路交换,详情(电路交换),知识点,计算机网络,计算机网络
电路交换,优点(电路交换),知识点,计算机网络,计算机网络
电路交换,缺点(电路交换),知识点,计算机网络,计算机网络
数据交换方式(物理层),报文交换,包括,计算机网络,计算机网络
报文交换,详情(报文交换),知识点,计算机网络,计算机网络
报文交换,优点(报文交换),知识点,计算机网络,计算机网络
报文交换,缺点(报文交换),知识点,计算机网络,计算机网络
数据交换方式(物理层),分组交换,包括,计算机网络,计算机网络
分组交换,数据报,包括,计算机网络,计算机网络
数据报,详情(数据报),知识点,计算机网络,计算机网络
数据报,优点(数据报),知识点,计算机网络,计算机网络
数据报,缺点(数据报),知识点,计算机网络,计算机网络
分组交换,虚电路,包括,计算机网络,计算机网络
虚电路,详情(虚电路),知识点,计算机网络,计算机网络
虚电路,优点(虚电路),知识点,计算机网络,计算机网络
虚电路,缺点(虚电路),知识点,计算机网络,计算机网络
物理层,传输介质设备,知识点,计算机网络,计算机网络
传输介质设备,传输介质,包括,计算机网络,计算机网络
传输介质,导向性传输介质,包括,计算机网络,计算机网络
导向性传输介质,双绞线,包括,计算机网络,计算机网络
双绞线,UTP,包括,计算机网络,计算机网络
双绞线,STP,包括,计算机网络,计算机网络
导向性传输介质,同轴电缆,包括,计算机网络,计算机网络
导向性传输介质,光纤,包括,计算机网络,计算机网络
光纤,单模光纤,包括,计算机网络,计算机网络
光纤,多模光纤,包括,计算机网络,计算机网络
传输介质,非导向性传输介质,包括,计算机网络,计算机网络
非导向性传输介质,无线传输介质,包括,计算机网络,计算机网络
传输介质设备,物理层接口,包括,计算机网络,计算机网络
物理层接口,机,包括,计算机网络,计算机网络
物理层接口,电,包括,计算机网络,计算机网络
物理层接口,功,包括,计算机网络,计算机网络
物理层接口,规程,包括,计算机网络,计算机网络
传输介质设备,设备,包括,计算机网络,计算机网络
设备,中继器,包括,计算机网络,计算机网络
设备,集线器,包括,计算机网络,计算机网络
集线器,原理(集线器),知识点,计算机网络,计算机网络
集线器,5-4-3规则,知识点,计算机网络,计算机网络
数据链路层,功能(数据链路层),知识点,计算机网络,计算机网络
功能(数据链路层),差错控制,包括,计算机网络,计算机网络
差错控制,检错编码,知识点,计算机网络,计算机网络
检错编码,奇偶检验码,包括,计算机网络,计算机网络
检错编码,循环冗余码,包括,计算机网络,计算机网络
差错控制,纠错编码,知识点,计算机网络,计算机网络
纠错编码,海明码,包括,计算机网络,计算机网络
功能(数据链路层),可靠传输,包括,计算机网络,计算机网络
可靠传输,停等协议,知识点,计算机网络,计算机网络
可靠传输,后退n帧协议,知识点,计算机网络,计算机网络
可靠传输,选择重传协议,知识点,计算机网络,计算机网络
功能(数据链路层),介质访问控制,包括,计算机网络,计算机网络
介质访问控制,信道划分,知识点,计算机网络,计算机网络
信道划分,频分复用,包括,计算机网络,计算机网络
信道划分,时分复用,包括,计算机网络,计算机网络
时分复用,同步,包括,计算机网络,计算机网络
时分复用,异步,包括,计算机网络,计算机网络
信道划分,波分复用,包括,计算机网络,计算机网络
介质访问控制,随机划分,知识点,计算机网络,计算机网络
随机划分,ALOHA,知识点,计算机网络,计算机网络
ALOHA,纯ALOHA,包括,计算机网络,计算机网络
ALOHA,时隙ALOHA,包括,计算机网络,计算机网络
随机划分,CSMA,知识点,计算机网络,计算机网络
CSMA,1-坚持(CSMA),包括,计算机网络,计算机网络
CSMA,非坚持(CSMA),包括,计算机网络,计算机网络
CSMA,p-坚持(CSMA),包括,计算机网络,计算机网络
随机划分,CSMA/CD协议,知识点,计算机网络,计算机网络
CSMA/CD协议,概括(CSMA/CD),知识点,计算机网络,计算机网络
CSMA/CD协议,碰撞解决(CSMA/CD),知识点,计算机网络,计算机网络
随机划分,CSMA/CA协议,知识点,计算机网络,计算机网络
CSMA/CA协议,避免碰撞(CSMA/CA),知识点,计算机网络,计算机网络
CSMA/CA协议,碰撞解决(CSMA/CA),知识点,计算机网络,计算机网络
数据链路层,组帧,知识点,计算机网络,计算机网络
组帧,字符计数法,包括,计算机网络,计算机网络
组帧,收尾定界法,包括,计算机网络,计算机网络
收尾定界法,字符填充,包括,计算机网络,计算机网络
收尾定界法,比特填充,包括,计算机网络,计算机网络
组帧,违规编码法,包括,计算机网络,计算机网络
数据链路层,局域网(数据链路层),知识点,计算机网络,计算机网络
局域网(数据链路层),概念(局域网),知识点,计算机网络,计算机网络
局域网(数据链路层),以太网,知识点,计算机网络,计算机网络
以太网,总线拓扑结构,知识点,计算机网络,计算机网络
以太网,CSMA/CD技术,知识点,计算机网络,计算机网络
以太网,MAC,知识点,计算机网络,计算机网络
以太网,用网卡实现协议,知识点,计算机网络,计算机网络
局域网(数据链路层),无线局域网,知识点,计算机网络,计算机网络
数据链路层,设备(数据链路层),知识点,计算机网络,计算机网络
设备(数据链路层),网桥,包括,计算机网络,计算机网络
网桥,透明网桥,包括,计算机网络,计算机网络
网桥,源路由网桥,包括,计算机网络,计算机网络
设备(数据链路层),交换机,包括,计算机网络,计算机网络
交换机,特点(交换机),知识点,计算机网络,计算机网络
交换机,交换方式(交换机),知识点,计算机网络,计算机网络
交换方式(交换机),直通式,包括,计算机网络,计算机网络
交换方式(交换机),存储转发,包括,计算机网络,计算机网络
网络层,功能(网络层),知识点,计算机网络,计算机网络
功能(网络层),异构网络互联,包括,计算机网络,计算机网络
功能(网络层),路由转发,包括,计算机网络,计算机网络
功能(网络层),拥塞控制,包括,计算机网络,计算机网络
网络层,异构网络互联-IP地址,知识点,计算机网络,计算机网络
异构网络互联-IP地址,IPV4,知识点,计算机网络,计算机网络
IPV4,地址(IPV4),知识点,计算机网络,计算机网络
地址(IPV4),首部(IPV4),知识点,计算机网络,计算机网络
地址(IPV4),分类(IPV4),知识点,计算机网络,计算机网络
分类(IPV4),地址分类(IPV4),包括,计算机网络,计算机网络
地址分类(IPV4),网络地址,包括,计算机网络,计算机网络
地址分类(IPV4),广播地址,包括,计算机网络,计算机网络
地址分类(IPV4),主机地址,包括,计算机网络,计算机网络
地址分类(IPV4),特殊地址,包括,计算机网络,计算机网络
地址(IPV4),划分(IPV4),知识点,计算机网络,计算机网络
划分(IPV4),专用网络互联,知识点,计算机网络,计算机网络
专用网络互联,VPN,知识点,计算机网络,计算机网络
VPN,隧道技术,知识点,计算机网络,计算机网络
VPN,加密技术,知识点,计算机网络,计算机网络
专用网络互联,NAT,知识点,计算机网络,计算机网络
NAT,目的(NAT),知识点,计算机网络,计算机网络
NAT,过程(NAT),知识点,计算机网络,计算机网络
NAT,划分专用地址(NAT),知识点,计算机网络,计算机网络
划分(IPV4),子网划分,知识点,计算机网络,计算机网络
子网划分,原因(子网划分),知识点,计算机网络,计算机网络
子网划分,基本思路(子网划分),知识点,计算机网络,计算机网络
子网划分,优点(子网划分),知识点,计算机网络,计算机网络
子网划分,默认子网掩码(子网划分),知识点,计算机网络,计算机网络
划分(IPV4),CIDR,知识点,计算机网络,计算机网络
CIDR,目的(CIDR),知识点,计算机网络,计算机网络
CIDR,思路(CIDR),知识点,计算机网络,计算机网络
IPV4,协议(IPV4),知识点,计算机网络,计算机网络
协议(IPV4),ARP,知识点,计算机网络,计算机网络
ARP,目的(ARP),知识点,计算机网络,计算机网络
ARP,过程(ARP),知识点,计算机网络,计算机网络
ARP,注意点(ARP),知识点,计算机网络,计算机网络
协议(IPV4),DHCP,知识点,计算机网络,计算机网络
DHCP,目的(DHCP),知识点,计算机网络,计算机网络
DHCP,过程(DHCP),知识点,计算机网络,计算机网络
DHCP,注意点(DHCP),知识点,计算机网络,计算机网络
协议(IPV4),ICMP,知识点,计算机网络,计算机网络
ICMP,差错报告报文(ICMP),知识点,计算机网络,计算机网络
ICMP,询问报文(ICMP),知识点,计算机网络,计算机网络
IPV6,结构(IPV6),知识点,计算机网络,计算机网络
IPV6,4->6转换,知识点,计算机网络,计算机网络
4->6转换,隧道技术,知识点,计算机网络,计算机网络
4->6转换,双协议栈,知识点,计算机网络,计算机网络
异构网络互联-IP地址,IP组播,知识点,计算机网络,计算机网络
异构网络互联-IP地址,移动IP,知识点,计算机网络,计算机网络
移动IP,移动节点,包括,计算机网络,计算机网络
移动IP,本地代理,包括,计算机网络,计算机网络
移动IP,外部代理,包括,计算机网络,计算机网络
网络层,路由与转发,知识点,计算机网络,计算机网络
路由与转发,动态路由,知识点,计算机网络,计算机网络
动态路由,IGP,包括,计算机网络,计算机网络
IGP,RIP,包括,计算机网络,计算机网络
IGP,OSPF,包括,计算机网络,计算机网络
动态路由,EGP,包括,计算机网络,计算机网络
EGP,BGP,包括,计算机网络,计算机网络
路由与转发,静态路由,知识点,计算机网络,计算机网络
网络层,路由器,知识点,计算机网络,计算机网络
路由器,特点(路由器),知识点,计算机网络,计算机网络
路由器,组成(路由器),知识点,计算机网络,计算机网络
路由器,交付方式(路由器),知识点,计算机网络,计算机网络
交付方式(路由器),直接交付,包括,计算机网络,计算机网络
交付方式(路由器),间接交付,包括,计算机网络,计算机网络
运输层,提供服务(运输层),知识点,计算机网络,计算机网络
运输层,端口,知识点,计算机网络,计算机网络
端口,熟知端口,包括,计算机网络,计算机网络
端口,客户端口,包括,计算机网络,计算机网络
运输层,UDP,知识点,计算机网络,计算机网络
UDP,特点(UDP),知识点,计算机网络,计算机网络
UDP,首部(UDP),知识点,计算机网络,计算机网络
UDP,校验(UDP),知识点,计算机网络,计算机网络
UDP,应用(UDP),知识点,计算机网络,计算机网络
运输层,TCP,知识点,计算机网络,计算机网络
TCP,特点(TCP),知识点,计算机网络,计算机网络
TCP,首部(TCP),知识点,计算机网络,计算机网络
TCP,连接管理(TCP),知识点,计算机网络,计算机网络
连接管理(TCP),三次握手,包括,计算机网络,计算机网络
连接管理(TCP),四次挥手,包括,计算机网络,计算机网络
TCP,流量控制(TCP),知识点,计算机网络,计算机网络
TCP,拥塞控制(TCP),知识点,计算机网络,计算机网络
拥塞控制(TCP),原理(拥塞控制),知识点,计算机网络,计算机网络
拥塞控制(TCP),方法(拥塞控制),知识点,计算机网络,计算机网络
方法(拥塞控制),慢开始,包括,计算机网络,计算机网络
方法(拥塞控制),拥塞避免,包括,计算机网络,计算机网络
方法(拥塞控制),快重传,包括,计算机网络,计算机网络
方法(拥塞控制),快恢复,包括,计算机网络,计算机网络
拥塞控制(TCP),拥塞处理(拥塞),知识点,计算机网络,计算机网络
TCP,应用(TCP),知识点,计算机网络,计算机网络
应用层,网络应用模型,知识点,计算机网络,计算机网络
网络应用模型,CS,包括,计算机网络,计算机网络
网络应用模型,P2P,包括,计算机网络,计算机网络
应用层,DNS,知识点,计算机网络,计算机网络
DNS,作用(DNS),知识点,计算机网络,计算机网络
DNS,协议与端口(DNS),知识点,计算机网络,计算机网络
DNS,服务器分类,知识点,计算机网络,计算机网络
服务器分类,本地域名服务器,包括,计算机网络,计算机网络
服务器分类,根域名服务器,包括,计算机网络,计算机网络
服务器分类,顶级域名服务器,包括,计算机网络,计算机网络
服务器分类,权限域名服务器,包括,计算机网络,计算机网络
DNS,查询方式,知识点,计算机网络,计算机网络
应用层,FTP,知识点,计算机网络,计算机网络
FTP,作用(FTP),知识点,计算机网络,计算机网络
FTP,协议与端口(FTP),知识点,计算机网络,计算机网络
应用层,电子邮件,知识点,计算机网络,计算机网络
电子邮件,STMP,知识点,计算机网络,计算机网络
电子邮件,POP3,知识点,计算机网络,计算机网络
应用层,万维网,知识点,计算机网络,计算机网络
万维网,URL,知识点,计算机网络,计算机网络
万维网,HTTP,知识点,计算机网络,计算机网络
应用层,应用层使用TCP的协议,知识点,计算机网络,计算机网络
数组,一维数组,包括,Java,Java
数组,二维数组,包括,Java,Java
数组,数组的基本操作,包括,Java,Java
数组,数组的排序方法,包括,Java,Java
字符串,String类,包括,Java,Java
字符串,连接字符串,包括,Java,Java
字符串,字符串操作,包括,Java,Java
字符串,格式化字符串,包括,Java,Java
字符串,使用正则表达式,包括,Java,Java
字符串,字符串生成器,包括,Java,Java
String类,声明字符串,包括,Java,Java
String类,创建字符串,包括,Java,Java
连接字符串,连接多个字符串,包括,Java,Java
连接字符串,连接其他数据类型,包括,Java,Java
连接字符串,连接其他数据类型,包括,Java,Java
字符串操作,获取空字符串,包括,Java,Java
字符串操作,去除空格,包括,Java,Java
字符串操作,字符串替换,包括,Java,Java
字符串操作,大小写转换,包括,Java,Java
字符串操作,字符串分割,包括,Java,Java
类和对象,面向对象概述,包括,Java,Java
类和对象,类的构造方法,包括,Java,Java
类和对象,类的主方法,包括,Java,Java
类和对象,包装类,包括,Java,Java
类和对象,数字处理类,包括,Java,Java
面向对象概述,对象,包括,Java,Java
面向对象概述,类,包括,Java,Java
面向对象概述,封装,包括,Java,Java
面向对象概述,继承,包括,Java,Java
面向对象概述,多态,包括,Java,Java
对象,对象的创建,知识点,Java,Java
对象,访问对象的属性和行为,知识点,Java,Java
对象,对象的引用,知识点,Java,Java
对象,对象的比较,知识点,Java,Java
对象,对象的销毁,知识点,Java,Java
类,成员变量,包括,Java,Java
类,成员方法,包括,Java,Java
类,权限修饰符,包括,Java,Java
类,局部变量,包括,Java,Java
类,局部变量的有效范围,包括,Java,Java
类的构造方法,无参构造,包括,Java,Java
类的构造方法,有参构造,包括,Java,Java
包装类,Integer,包装类型,Java,Java
包装类,Boolean,包装类型,Java,Java
包装类,Byte,包装类型,Java,Java
包装类,Charcter,包装类型,Java,Java
包装类,Double,包装类型,Java,Java
包装类,Number,包装类型,Java,Java
数字处理类,数字格式化,包括,Java,Java
数字处理类,数字运算,包括,Java,Java
数字处理类,随机数,包括,Java,Java
数字处理类,大数字运算,包括,Java,Java
接口，继承和多态,类的继承,包括,Java,Java
接口，继承和多态,Object类,包括,Java,Java
接口，继承和多态,对象类型的转换,包括,Java,Java
接口，继承和多态,方法的重载,包括,Java,Java
接口，继承和多态,多态,包括,Java,Java
接口，继承和多态,抽象类与接口,包括,Java,Java
Object类,所有类的父亲,包括,Java,Java
Object类,方法,包括,Java,Java
对象类型的转换,向上转型,包括,Java,Java
对象类型的转换,向下转型,包括,Java,Java
抽象类与接口,抽象类,包括,Java,Java
抽象类与接口,接口,包括,Java,Java
类的高级特性,Java类包,包括,Java,Java
类的高级特性,final变量,包括,Java,Java
类的高级特性,final方法,包括,Java,Java
类的高级特性,final类,包括,Java,Java
类的高级特性,内部类,包括,Java,Java
Java类包,类名的冲突,包括,Java,Java
Java类包,完整的类路径,包括,Java,Java
Java类包,创建包,包括,Java,Java
Java类包,导入包,包括,Java,Java
final变量,特点,包括,Java,Java
final变量,实例,包括,Java,Java
内部类,成员内部类,包括,Java,Java
内部类,局部内部类,包括,Java,Java
内部类,匿名内部类,包括,Java,Java
内部类,静态内部类,包括,Java,Java
内部类,内部类的继承,包括,Java,Java
异常处理,异常概述,包括,Java,Java
异常处理,处理程序异常错误,包括,Java,Java
异常处理,Java常见异常,包括,Java,Java
异常处理,自定义异常,包括,Java,Java
异常处理,在方法中抛出异常,包括,Java,Java
异常处理,运行是异常,包括,Java,Java
处理程序异常错误,错误类型,包括,Java,Java
处理程序异常错误,捕捉异常,包括,Java,Java
Java常见异常,ClassCastException,异常类型,Java,Java
Java常见异常,ArithemticException,异常类型,Java,Java
Java常见异常,ArrayStoreException,异常类型,Java,Java
Java常见异常,AQLException,异常类型,Java,Java
Java常见异常,IOException,异常类型,Java,Java
Java常见异常,EOFException,异常类型,Java,Java
Java常见异常,FileNOtFoundException,异常类型,Java,Java
在方法中抛出异常,throws关键字,包括,Java,Java
在方法中抛出异常,throw关键字,包括,Java,Java
运行是异常,关键词,包括,Java,Java
运行是异常,常见的异常,包括,Java,Java
I/O流,流概述,包括,Java,Java
I/O流,输入/输出流,包括,Java,Java
流概述,输入流,包括,Java,Java
流概述,输出流,包括,Java,Java
输入/输出流,File类,包括,Java,Java
输入/输出流,文件输入/输出流,包括,Java,Java
输入/输出流,带缓存的输入/输出流,包括,Java,Java
输入/输出流,数据输入/输出流,包括,Java,Java
输入/输出流,压缩输入/输出流,包括,Java,Java
多线程,线程简介,包括,Java,Java
多线程,实现多线程,包括,Java,Java
多线程,线程的生命周期,包括,Java,Java
多线程,操作线程的方法,包括,Java,Java
多线程,线程同步,包括,Java,Java
线程简介,线程的执行流程,包括,Java,Java
线程简介,单线程,包括,Java,Java
实现多线程,继承Thread类,实现多线程的方式,Java,Java
实现多线程,实现Runnable接口,实现多线程的方式,Java,Java
操作线程的方法,线程的休眠,包括,Java,Java
操作线程的方法,线程的加入,包括,Java,Java
操作线程的方法,线程的中断,包括,Java,Java
操作线程的方法,线程的礼让,包括,Java,Java
线程同步,线程安全,包括,Java,Java
线程同步,线程同步机制,包括,Java,Java
网络通信,网络程序的基础,包括,Java,Java
网络通信,TCP程序设计基础,包括,Java,Java
网络通信,UDP程序设计基础,包括,Java,Java
网络程序的基础,局域网和因特网,包括,Java,Java
网络程序的基础,网络协议,包括,Java,Java
网络程序的基础,端口和套接字,包括,Java,Java
TCP程序设计基础,inetAdress类,包括,Java,Java
TCP程序设计基础,ServerSocket类,包括,Java,Java
TCP程序设计基础,TCP网络协议,包括,Java,Java
UDP程序设计基础,DatagramPacket类,包括,Java,Java
UDP程序设计基础,DatagramSocket类,包括,Java,Java
UDP程序设计基础,UDP网络协议,包括,Java,Java
技术指标,机器字长,包括,计算机组成原理,计算机组成原理
技术指标,存储容量,包括,计算机组成原理,计算机组成原理
技术指标,运算速度,包括,计算机组成原理,计算机组成原理
系统总线,总线分类,包括,计算机组成原理,计算机组成原理
系统总线,总线特性,包括,计算机组成原理,计算机组成原理
系统总线,性能指标,包括,计算机组成原理,计算机组成原理
系统总线,总线标准,包括,计算机组成原理,计算机组成原理
系统总线,总线结构,包括,计算机组成原理,计算机组成原理
系统总线,总线控制,包括,计算机组成原理,计算机组成原理
总线分类,并行传输总线,按数据传送方式,计算机组成原理,计算机组成原理
总线分类,串行传输总线,按数据传送方式,计算机组成原理,计算机组成原理
总线分类,计算机总线,按适用范围,计算机组成原理,计算机组成原理
总线分类,测控总线,按适用范围,计算机组成原理,计算机组成原理
总线分类,网络通信总线,按适用范围,计算机组成原理,计算机组成原理
总线分类,片内总线,按连接部件,计算机组成原理,计算机组成原理
总线分类,系统总线,按连接部件,计算机组成原理,计算机组成原理
总线分类,通信总线,按连接部件,计算机组成原理,计算机组成原理
总线特性,机械特性,包括,计算机组成原理,计算机组成原理
总线特性,功能特性,包括,计算机组成原理,计算机组成原理
总线特性,时间特性,包括,计算机组成原理,计算机组成原理
总线特性,电气特性,包括,计算机组成原理,计算机组成原理
性能指标,总线宽度,包括,计算机组成原理,计算机组成原理
性能指标,总线带宽,包括,计算机组成原理,计算机组成原理
性能指标,时钟同步/异步,包括,计算机组成原理,计算机组成原理
性能指标,总线复用,包括,计算机组成原理,计算机组成原理
性能指标,信号线数,包括,计算机组成原理,计算机组成原理
性能指标,控制方式,包括,计算机组成原理,计算机组成原理
总线结构,单总线,包括,计算机组成原理,计算机组成原理
总线结构,多总线,包括,计算机组成原理,计算机组成原理
总线控制,判优控制,包括,计算机组成原理,计算机组成原理
总线控制,通信控制,包括,计算机组成原理,计算机组成原理
判优控制,集中式,方式,计算机组成原理,计算机组成原理
判优控制,分布式,方式,计算机组成原理,计算机组成原理
通信控制,同步通信,方式,计算机组成原理,计算机组成原理
通信控制,异步通信,方式,计算机组成原理,计算机组成原理
通信控制,半同步通信,方式,计算机组成原理,计算机组成原理
通信控制,分离式通信,方式,计算机组成原理,计算机组成原理
存储器,主存储器,包括,计算机组成原理,计算机组成原理
存储器,高速缓冲存储器,包括,计算机组成原理,计算机组成原理
存储器,辅助存储器,包括,计算机组成原理,计算机组成原理
主存储器,主存储器概述,包括,计算机组成原理,计算机组成原理
主存储器,半导体存储芯片,包括,计算机组成原理,计算机组成原理
主存储器,随机存取存储器,包括,计算机组成原理,计算机组成原理
主存储器,只读存储器,包括,计算机组成原理,计算机组成原理
主存储器概述,主存储器基本组成,包括,计算机组成原理,计算机组成原理
主存储器概述,存储单元分配地址,包括,计算机组成原理,计算机组成原理
主存储器概述,技术指标,包括,计算机组成原理,计算机组成原理
主存储器基本组成,存储体,包括,计算机组成原理,计算机组成原理
主存储器基本组成,MAR,包括,计算机组成原理,计算机组成原理
主存储器基本组成,MDR,包括,计算机组成原理,计算机组成原理
主存储器基本组成,译码器,包括,计算机组成原理,计算机组成原理
主存储器基本组成,驱动器,包括,计算机组成原理,计算机组成原理
主存储器基本组成,控制电路,包括,计算机组成原理,计算机组成原理
主存储器基本组成,读写电路,包括,计算机组成原理,计算机组成原理
存储单元分配地址,按字寻址,包括,计算机组成原理,计算机组成原理
存储单元分配地址,按字节寻址,包括,计算机组成原理,计算机组成原理
技术指标,存储容量,包括,计算机组成原理,计算机组成原理
技术指标,存储速度,包括,计算机组成原理,计算机组成原理
技术指标,存储器带宽,包括,计算机组成原理,计算机组成原理
半导体存储芯片,存储矩阵,基本结构,计算机组成原理,计算机组成原理
半导体存储芯片,地址线,基本结构,计算机组成原理,计算机组成原理
半导体存储芯片,数据线,基本结构,计算机组成原理,计算机组成原理
半导体存储芯片,控制线,基本结构,计算机组成原理,计算机组成原理
半导体存储芯片,译码驱动,基本结构,计算机组成原理,计算机组成原理
半导体存储芯片,读写电路,基本结构,计算机组成原理,计算机组成原理
随机存取存储器,静态RAM,包括,计算机组成原理,计算机组成原理
随机存取存储器,动态RAM,包括,计算机组成原理,计算机组成原理
只读存储器,掩模ROM,种类,计算机组成原理,计算机组成原理
只读存储器,PROM,种类,计算机组成原理,计算机组成原理
只读存储器,EPROM,种类,计算机组成原理,计算机组成原理
只读存储器,EEPROM,种类,计算机组成原理,计算机组成原理
只读存储器,Flash-Memoey,种类,计算机组成原理,计算机组成原理
高速缓冲存储器,性能指标,包括,计算机组成原理,计算机组成原理
高速缓冲存储器,工作原理,包括,计算机组成原理,计算机组成原理
高速缓冲存储器,改进,包括,计算机组成原理,计算机组成原理
性能指标,命中率,包括,计算机组成原理,计算机组成原理
性能指标,平均访问时间,包括,计算机组成原理,计算机组成原理
性能指标,访问效率,包括,计算机组成原理,计算机组成原理
工作原理,Cache存储体,包括,计算机组成原理,计算机组成原理
工作原理,地址映射变换机构,包括,计算机组成原理,计算机组成原理
工作原理,替换机构,包括,计算机组成原理,计算机组成原理
工作原理,读写操作,包括,计算机组成原理,计算机组成原理
改进,增加级数,包括,计算机组成原理,计算机组成原理
改进,分立,包括,计算机组成原理,计算机组成原理
辅助存储器,磁表面存储器,包括,计算机组成原理,计算机组成原理
辅助存储器,光盘存储器,包括,计算机组成原理,计算机组成原理
磁表面存储器,硬磁盘存储器,种类,计算机组成原理,计算机组成原理
磁表面存储器,软磁盘存储器,种类,计算机组成原理,计算机组成原理
磁表面存储器,磁带存储器,种类,计算机组成原理,计算机组成原理
光盘存储器,光盘存储器分类,包括,计算机组成原理,计算机组成原理
光盘存储器,光盘存储器结构,包括,计算机组成原理,计算机组成原理
光盘存储器分类,读写型,包括,计算机组成原理,计算机组成原理
光盘存储器分类,只写一次型,包括,计算机组成原理,计算机组成原理
光盘存储器分类,可擦写型,包括,计算机组成原理,计算机组成原理
光盘存储器结构,控制器,包括,计算机组成原理,计算机组成原理
光盘存储器结构,驱动器,包括,计算机组成原理,计算机组成原理
光盘存储器结构,盘片,包括,计算机组成原理,计算机组成原理
输入输出系统,I/O设备,包括,计算机组成原理,计算机组成原理
输入输出系统,I/O接口,包括,计算机组成原理,计算机组成原理
输入输出系统,程序中断方式,包括,计算机组成原理,计算机组成原理
输入输出系统,DMA方式,包括,计算机组成原理,计算机组成原理
I/O设备,结构,包括,计算机组成原理,计算机组成原理
I/O设备,分类,包括,计算机组成原理,计算机组成原理
I/O设备,输入设备,包括,计算机组成原理,计算机组成原理
I/O设备,输出设备,包括,计算机组成原理,计算机组成原理
结构,设备控制器,包括,计算机组成原理,计算机组成原理
结构,机电磁光部件,包括,计算机组成原理,计算机组成原理
分类,人机交互设备,包括,计算机组成原理,计算机组成原理
分类,信息存储设备,包括,计算机组成原理,计算机组成原理
分类,机-机通信设备,包括,计算机组成原理,计算机组成原理
输入设备,键盘,包括,计算机组成原理,计算机组成原理
输入设备,鼠标,包括,计算机组成原理,计算机组成原理
输出设备,显示设备,包括,计算机组成原理,计算机组成原理
输出设备,打印设备,包括,计算机组成原理,计算机组成原理
I/O接口,基本组成,包括,计算机组成原理,计算机组成原理
I/O接口,接口类型,包括,计算机组成原理,计算机组成原理
基本组成,设备选择电路,包括,计算机组成原理,计算机组成原理
基本组成,数据缓冲寄存器,包括,计算机组成原理,计算机组成原理
基本组成,命令寄存器和命令译码器,包括,计算机组成原理,计算机组成原理
基本组成,设备状态标记,包括,计算机组成原理,计算机组成原理
基本组成,总线连接,包括,计算机组成原理,计算机组成原理
接口类型,并行,按数据传送方式,计算机组成原理,计算机组成原理
接口类型,串行,按数据传送方式,计算机组成原理,计算机组成原理
接口类型,可编程,按功能选择的灵活性,计算机组成原理,计算机组成原理
接口类型,不可编程,按功能选择的灵活性,计算机组成原理,计算机组成原理
接口类型,通用,按通用性,计算机组成原理,计算机组成原理
接口类型,专用,按通用性,计算机组成原理,计算机组成原理
接口类型,程序型,按控制方式,计算机组成原理,计算机组成原理
接口类型,DMA型,按控制方式,计算机组成原理,计算机组成原理
程序中断方式,程序中断方式接口电路,包括,计算机组成原理,计算机组成原理
程序中断方式,工作过程,包括,计算机组成原理,计算机组成原理
程序中断方式接口电路,中断请求触发器,包括,计算机组成原理,计算机组成原理
程序中断方式接口电路,中断屏蔽触发器,包括,计算机组成原理,计算机组成原理
程序中断方式接口电路,排队器,包括,计算机组成原理,计算机组成原理
工作过程,CPU响应中断条件,包括,计算机组成原理,计算机组成原理
工作过程,CPU响应中断时间,包括,计算机组成原理,计算机组成原理
工作过程,I/O中断处理过程,包括,计算机组成原理,计算机组成原理
工作过程,中断服务程序分类,包括,计算机组成原理,计算机组成原理
中断服务程序分类,单重中断,包括,计算机组成原理,计算机组成原理
中断服务程序分类,多重中断,包括,计算机组成原理,计算机组成原理
DMA方式,DMA接口的组成,包括,计算机组成原理,计算机组成原理
DMA方式,DMA工作过程,包括,计算机组成原理,计算机组成原理
DMA方式,与系统的连接方式,包括,计算机组成原理,计算机组成原理
DMA方式,接口类型,包括,计算机组成原理,计算机组成原理
DMA接口的组成,主存地址寄存器,包括,计算机组成原理,计算机组成原理
DMA接口的组成,字计数器,包括,计算机组成原理,计算机组成原理
DMA接口的组成,数据缓冲寄存器,包括,计算机组成原理,计算机组成原理
DMA接口的组成,DMA控制逻辑,包括,计算机组成原理,计算机组成原理
DMA接口的组成,终端机构,包括,计算机组成原理,计算机组成原理
DMA接口的组成,设备地址寄存器,包括,计算机组成原理,计算机组成原理
DMA工作过程,预处理,包括,计算机组成原理,计算机组成原理
DMA工作过程,数据传送,包括,计算机组成原理,计算机组成原理
DMA工作过程,后处理,包括,计算机组成原理,计算机组成原理
与系统的连接方式,链式查询,包括,计算机组成原理,计算机组成原理
与系统的连接方式,独立请求,包括,计算机组成原理,计算机组成原理
接口类型,选择型,包括,计算机组成原理,计算机组成原理
接口类型,多路型,包括,计算机组成原理,计算机组成原理
控制单元,微操作命令分析,包括,计算机组成原理,计算机组成原理
控制单元,控制单元的功能,包括,计算机组成原理,计算机组成原理
控制单元,控制单元的设计,包括,计算机组成原理,计算机组成原理
微操作命令分析,取指周期,阶段,计算机组成原理,计算机组成原理
微操作命令分析,间址周期,阶段,计算机组成原理,计算机组成原理
微操作命令分析,执行周期,阶段,计算机组成原理,计算机组成原理
微操作命令分析,中断周期,阶段,计算机组成原理,计算机组成原理
控制单元的功能,外特性,包括,计算机组成原理,计算机组成原理
控制单元的功能,多级时序系统,包括,计算机组成原理,计算机组成原理
控制单元的功能,时序控制方式,包括,计算机组成原理,计算机组成原理
外特性,输入信号,包括,计算机组成原理,计算机组成原理
外特性,输出信号,包括,计算机组成原理,计算机组成原理
多级时序系统,机器周期,包括,计算机组成原理,计算机组成原理
多级时序系统,时钟周期,包括,计算机组成原理,计算机组成原理
时序控制方式,同步控制方式,包括,计算机组成原理,计算机组成原理
时序控制方式,异步控制方式,包括,计算机组成原理,计算机组成原理
时序控制方式,联合控制方式,包括,计算机组成原理,计算机组成原理
时序控制方式,人工控制方式,包括,计算机组成原理,计算机组成原理
控制单元的设计,组合逻辑设计,包括,计算机组成原理,计算机组成原理
控制单元的设计,微程序设计,包括,计算机组成原理,计算机组成原理
组合逻辑设计,控制单元框图,包括,计算机组成原理,计算机组成原理
组合逻辑设计,微操作的节拍安排,包括,计算机组成原理,计算机组成原理
微程序设计,编码方式,包括,计算机组成原理,计算机组成原理
微程序设计,微指令格式,包括,计算机组成原理,计算机组成原理
微程序设计,静态和动态,包括,计算机组成原理,计算机组成原理
微程序设计,串行和并行,包括,计算机组成原理,计算机组成原理
编码方式,直接编码,包括,计算机组成原理,计算机组成原理
编码方式,字段直接编码,包括,计算机组成原理,计算机组成原理
编码方式,字段间接编码,包括,计算机组成原理,计算机组成原理
编码方式,混合编码,包括,计算机组成原理,计算机组成原理
微指令格式,水平型,包括,计算机组成原理,计算机组成原理
微指令格式,垂直型,包括,计算机组成原理,计算机组成原理
CPU的结构与功能,CPU的结构,包括,计算机组成原理,计算机组成原理
CPU的结构与功能,指令周期,包括,计算机组成原理,计算机组成原理
CPU的结构与功能,指令流水,包括,计算机组成原理,计算机组成原理
CPU的结构与功能,中断系统,包括,计算机组成原理,计算机组成原理
CPU的结构,控制器的主要功能,包括,计算机组成原理,计算机组成原理
CPU的结构,四大部分,包括,计算机组成原理,计算机组成原理
CPU的结构,寄存器,包括,计算机组成原理,计算机组成原理
控制器的主要功能,取指令,包括,计算机组成原理,计算机组成原理
控制器的主要功能,分析指令,包括,计算机组成原理,计算机组成原理
控制器的主要功能,执行指令,包括,计算机组成原理,计算机组成原理
四大部分,寄存器,包括,计算机组成原理,计算机组成原理
四大部分,CU,包括,计算机组成原理,计算机组成原理
四大部分,ALU,包括,计算机组成原理,计算机组成原理
四大部分,中断系统,包括,计算机组成原理,计算机组成原理
寄存器,用户可见寄存器,包括,计算机组成原理,计算机组成原理
寄存器,控制和状态寄存器,包括,计算机组成原理,计算机组成原理
指令周期,取指周期FE,包括,计算机组成原理,计算机组成原理
指令周期,间址周期IND,包括,计算机组成原理,计算机组成原理
指令周期,执行周期EX,包括,计算机组成原理,计算机组成原理
指令周期,中断周期INT,包括,计算机组成原理,计算机组成原理
指令流水,影响流水线性能因素,包括,计算机组成原理,计算机组成原理
指令流水,流水线性能,包括,计算机组成原理,计算机组成原理
指令流水,流水线多发技术,包括,计算机组成原理,计算机组成原理
影响流水线性能因素,结构相关,包括,计算机组成原理,计算机组成原理
影响流水线性能因素,数据相关,包括,计算机组成原理,计算机组成原理
影响流水线性能因素,控制相关,包括,计算机组成原理,计算机组成原理
流水线性能,吞吐率,包括,计算机组成原理,计算机组成原理
流水线性能,加速比,包括,计算机组成原理,计算机组成原理
流水线性能,效率,包括,计算机组成原理,计算机组成原理
流水线多发技术,超标量,包括,计算机组成原理,计算机组成原理
流水线多发技术,超流水线,包括,计算机组成原理,计算机组成原理
流水线多发技术,超长指令字,包括,计算机组成原理,计算机组成原理
中断系统,中断请求标记,包括,计算机组成原理,计算机组成原理
中断系统,中断判优逻辑,包括,计算机组成原理,计算机组成原理
中断系统,中断响应,包括,计算机组成原理,计算机组成原理
中断系统,中断屏蔽技术,包括,计算机组成原理,计算机组成原理
中断响应,响应中断条件,包括,计算机组成原理,计算机组成原理
中断响应,响应中断时间,包括,计算机组成原理,计算机组成原理
中断响应,中断隐指令,包括,计算机组成原理,计算机组成原理
中断屏蔽技术,多重中断,包括,计算机组成原理,计算机组成原理
中断屏蔽技术,实现条件,包括,计算机组成原理,计算机组成原理
中断屏蔽技术,屏蔽技术,包括,计算机组成原理,计算机组成原理
中断屏蔽技术,多重中断的断点保护,包括,计算机组成原理,计算机组成原理
指令系统,机器指令,包括,计算机组成原理,计算机组成原理
指令系统,操作数类型和操作类型,包括,计算机组成原理,计算机组成原理
指令系统,寻址方式,包括,计算机组成原理,计算机组成原理
指令系统,指令程序的设计,包括,计算机组成原理,计算机组成原理
指令系统,RISC技术,包括,计算机组成原理,计算机组成原理
机器指令,一般格式,包括,计算机组成原理,计算机组成原理
机器指令,指令字长,包括,计算机组成原理,计算机组成原理
一般格式,操作码,包括,计算机组成原理,计算机组成原理
一般格式,地址码,包括,计算机组成原理,计算机组成原理
操作数类型和操作类型,操作数类型,包括,计算机组成原理,计算机组成原理
操作数类型和操作类型,数据存放方式,包括,计算机组成原理,计算机组成原理
操作数类型和操作类型,操作类型,包括,计算机组成原理,计算机组成原理
操作数类型,地址,包括,计算机组成原理,计算机组成原理
操作数类型,数字,包括,计算机组成原理,计算机组成原理
操作数类型,字符,包括,计算机组成原理,计算机组成原理
操作数类型,逻辑数据,包括,计算机组成原理,计算机组成原理
数据存放方式,字节,包括,计算机组成原理,计算机组成原理
数据存放方式,半字,包括,计算机组成原理,计算机组成原理
数据存放方式,字,包括,计算机组成原理,计算机组成原理
数据存放方式,双字,包括,计算机组成原理,计算机组成原理
操作类型,数据传输,包括,计算机组成原理,计算机组成原理
操作类型,算术逻辑操作,包括,计算机组成原理,计算机组成原理
操作类型,移位,包括,计算机组成原理,计算机组成原理
操作类型,转移,包括,计算机组成原理,计算机组成原理
操作类型,输入输出,包括,计算机组成原理,计算机组成原理
寻址方式,指令寻址,包括,计算机组成原理,计算机组成原理
寻址方式,数据寻址,包括,计算机组成原理,计算机组成原理
time库,时间获取,包括,Python,Python
time库,时间格式化,包括,Python,Python
time库,程序计时,包括,Python,Python
程序控制结构,分支结构,包括,Python,Python
程序控制结构,BMI分析,包括,Python,Python
程序控制结构,循环结构,包括,Python,Python
程序控制结构,random库,相关库,Python,Python
分支结构,单分支结构,包括,Python,Python
分支结构,二分支结构,包括,Python,Python
分支结构,多分支结构,包括,Python,Python
分支结构,程序的控制结构,包括,Python,Python
分支结构,条件判断及组合,包括,Python,Python
分支结构,程序的异常处理,包括,Python,Python
BMI分析,多输入,包括,Python,Python
BMI分析,多变量赋值,包括,Python,Python
循环结构,遍历循环,包括,Python,Python
循环结构,无限循环,包括,Python,Python
循环结构,循环控制保留字,包括,Python,Python
循环结构,循环的高级用法,包括,Python,Python
random库,基本随机函数,包括,Python,Python
random库,扩展随机函数,包括,Python,Python
函数和代码复用,函数的定义和使用,包括,Python,Python
函数和代码复用,代码复用和函数递归,包括,Python,Python
函数和代码复用,Pyinstaller库,相关库,Python,Python
函数的定义和使用,函数的定义和使用,包括,Python,Python
函数的定义和使用,函数的参数传递,包括,Python,Python
函数的定义和使用,函数的返回值,包括,Python,Python
函数的定义和使用,局部变量和全局变量,包括,Python,Python
代码复用和函数递归,代码复用,包括,Python,Python
代码复用和函数递归,函数递归的理解,包括,Python,Python
组合数据类型,集合类型,包括,Python,Python
组合数据类型,序列类型,包括,Python,Python
组合数据类型,基本统计值计算,包括,Python,Python
组合数据类型,字典类类型,包括,Python,Python
组合数据类型,jieba库,相关库,Python,Python
集合类型,集合类型定义,包括,Python,Python
集合类型,集合操作符,包括,Python,Python
集合类型,集合处理方法,包括,Python,Python
集合类型,集合类型应用场景,包括,Python,Python
序列类型,序列类型定义,包括,Python,Python
序列类型,序列处理函数及方法,包括,Python,Python
序列类型,元组类型,包括,Python,Python
序列类型,列表类型,包括,Python,Python
基本统计值计算,获取不定长度的输入,包括,Python,Python
基本统计值计算,计算平均值,包括,Python,Python
基本统计值计算,计算中位数,包括,Python,Python
字典类类型,字典类型定义,包括,Python,Python
字典类类型,字典处理函数及方法,包括,Python,Python
jieba库,jieba库基本介绍,包括,Python,Python
jieba库,jieba库的安装,包括,Python,Python
jieba库,三种模式,包括,Python,Python
文件和数据格式化,文件的使用,包括,Python,Python
文件和数据格式化,一维数据格式化,包括,Python,Python
文件和数据格式化,二维数据格式化,包括,Python,Python
文件和数据格式化,wordcloud库,相关库,Python,Python
文件的使用,文件的类型,包括,Python,Python
文件的使用,文件的打开和关闭,包括,Python,Python
文件的使用,文件内容的获取,包括,Python,Python
文件的使用,数据的文件写入,包括,Python,Python
一维数据格式化,一维数组的表示,包括,Python,Python
一维数据格式化,一维数组的存储,包括,Python,Python
一维数据格式化,一维数组的处理,包括,Python,Python
二维数据格式化,二维数组的表示,包括,Python,Python
二维数据格式化,csv格式与二维数据存储,包括,Python,Python
二维数据格式化,二维数据的处理,包括,Python,Python
程序设计方法学,Python程序设计思维,包括,Python,Python
程序设计方法学,Python第三方库安装,包括,Python,Python
程序设计方法学,os库的使用,包括,Python,Python
Python程序设计思维,计算思维与程序设计,包括,Python,Python
Python程序设计思维,计算生态与python语言,包括,Python,Python
Python程序设计思维,用户体验与软件产品,包括,Python,Python
Python程序设计思维,基本的程序设计模式,包括,Python,Python
Python程序设计思维,应用开发的四个步骤,包括,Python,Python
os库的使用,os库的使用,包括,Python,Python
os库的使用,路径操作,包括,Python,Python
os库的使用,进程管理,包括,Python,Python
os库的使用,环境参数,包括,Python,Python
Python第三方库安装,python社区,包括,Python,Python
Python第三方库安装,安装第三方库的方法,包括,Python,Python
计算生态概览,数据处理,包括,Python,Python
计算生态概览,人工智能,包括,Python,Python
计算生态概览,web解析,包括,Python,Python
计算生态概览,网络空间,包括,Python,Python
计算生态概览,人机交互和艺术设计,包括,Python,Python
数据处理,数据分析,包括,Python,Python
数据处理,数据可视化,包括,Python,Python
人工智能,机器学习,包括,Python,Python
web解析,网络爬虫,包括,Python,Python
web解析,web信息提取,包括,Python,Python
网络空间,web网站开发,包括,Python,Python
网络空间,网络应用开发,包括,Python,Python
人机交互和艺术设计,图形用户界面,包括,Python,Python
人机交互和艺术设计,游戏开发,包括,Python,Python
人机交互和艺术设计,虚拟现实,包括,Python,Python
人机交互和艺术设计,图形艺术,包括,Python,Python
